Season,Age,Team,Lg,Pos,G,GS,MP,FG,FGA,FG%,3P,3PA,3P%,2P,2PA,2P%,eFG%,FT,FTA,FT%,ORB,DRB,TRB,AST,STL,BLK,TOV,PF,PTS,Awards,Player
2024-25,29,2TM,NBA,SF,74,74,35.2,8.4,16.5,0.511,3.2,7.2,0.446,5.2,9.3,0.562,0.609,3.2,3.9,0.825,0.3,4,4.3,4.2,0.8,0.2,2.8,1.6,23.3,,Zach LaVine
2024-25,29,CHI,NBA,SF,42,42,34.1,8.6,16.9,0.511,3.2,7.3,0.446,5.4,9.6,0.56,0.607,3.5,4.3,0.797,0.3,4.5,4.8,4.5,0.9,0.2,2.9,1.5,24,,Zach LaVine
2024-25,29,SAC,NBA,SG,32,32,36.6,8.2,16,0.511,3.2,7.2,0.446,5,8.8,0.564,0.611,2.8,3.2,0.874,0.3,3.2,3.5,3.8,0.6,0.1,2.7,1.8,22.4,,Zach LaVine
2024-25,27,2TM,NBA,PG,62,62,36.1,8.7,18.8,0.463,1.9,6.1,0.31,6.8,12.6,0.538,0.514,4.2,5.1,0.827,0.9,3.9,4.8,6.3,1.5,0.4,2.8,2.6,23.5,,De'Aaron Fox
2024-25,27,SAC,NBA,PG,45,45,37,9.2,19.6,0.469,2,6.4,0.322,7.2,13.3,0.539,0.521,4.5,5.5,0.829,1,4,5,6.1,1.5,0.4,3,2.6,25,,De'Aaron Fox
2024-25,27,SAS,NBA,PG,17,17,34,7.4,16.5,0.446,1.5,5.6,0.274,5.8,10.9,0.535,0.493,3.5,4.2,0.819,0.5,3.8,4.3,6.8,1.5,0.3,2.4,2.7,19.7,,De'Aaron Fox
2024-25,35,SAC,NBA,SF,77,77,35.9,8.1,17,0.477,1.1,3.3,0.328,7,13.7,0.513,0.509,4.9,5.7,0.857,0.6,3.2,3.9,4.4,0.8,0.4,1.4,1.9,22.2,,DeMar DeRozan
2024-25,28,SAC,NBA,C,70,70,34.7,7.5,12.8,0.59,0.9,2.2,0.417,6.6,10.5,0.627,0.627,3.1,4.1,0.754,3.8,10.1,13.9,6,0.7,0.4,2.9,3.3,19.1,,Domantas Sabonis
2024-25,24,SAC,NBA,PF,76,76,34.3,4.8,10.8,0.444,2,5.9,0.343,2.8,4.9,0.566,0.538,0.8,0.9,0.833,1.9,4.8,6.7,1.4,0.8,0.9,0.8,2.4,12.4,,Keegan Murray
2024-25,28,PHO,NBA,SG,75,75,37.3,8.7,18.9,0.461,2.4,7.3,0.332,6.3,11.6,0.542,0.525,5.8,6.4,0.894,1,3.1,4.1,7.1,0.9,0.2,2.9,2.6,25.6,,Devin Booker
2024-25,36,PHO,NBA,PF,62,62,36.5,9.5,18.1,.527,2.6,6.0,.430,7.0,12.1,.574,.598,4.9,5.8,.839,0.4,5.7,6.0,4.2,0.8,1.2,3.1,1.7,26.6,AS,Kevin Durant
2024-25,31,PHO,NBA,SG,53,38,32.1,6.5,13.1,0.497,1.9,5,0.386,4.6,8.1,0.565,0.571,2.1,2.6,0.803,0.6,2.7,3.3,3.7,1.1,0.5,1.9,2.6,17,,Bradley Beal
2024-25,28,PHO,NBA,PG,81,58,26.8,3.8,8.4,0.448,2,5,0.414,1.7,3.5,0.496,0.57,0.6,0.7,0.895,0.5,1.9,2.4,5.3,0.9,0.1,1.1,0.8,10.2,,Tyus Jones
2024-25,31,PHO,NBA,SF,75,22,24.5,3.2,7.6,0.423,2.4,5.9,0.406,0.8,1.7,0.481,0.58,0.3,0.3,0.731,0.7,3.9,4.7,2.2,0.9,0.5,0.9,2,9.1,NA,Royce O'Neale
2024-25,35,LAC,NBA,PG,79,79,35.3,6.7,16.4,.410,3.0,8.5,.352,3.7,7.9,.472,.501,6.4,7.3,.874,0.7,5.1,5.8,8.7,1.5,0.7,4.3,2.1,22.8,"MVP-10,AS,NBA3",James Harden
2024-25,33,LAC,NBA,SF,37,37,31.9,8.4,16.8,.498,2.1,5.1,.411,6.3,11.7,.536,.560,2.6,3.3,.810,0.9,5.0,5.9,3.1,1.6,0.5,1.9,1.5,21.5,,Kawhi Leonard
2024-25,27,LAC,NBA,C,80,80,32.8,7.4,11.8,0.628,0,0,NA,7.4,11.8,0.628,0.628,2,3,0.661,3.8,8.9,12.6,2.7,0.7,1.1,1.6,2.1,16.8,"DPOY-6,DEF2",Ivica Zubac
2024-25,31,LAC,NBA,SG,60,60,32.6,7.6,15.8,0.484,3,7.1,0.418,4.6,8.6,0.538,0.578,3.6,4.4,0.804,0.4,2.8,3.2,2.1,1.2,0.2,1.8,1.9,21.8,,Norman Powell
2024-25,32,2TM,NBA,SG,54,4,25.0,3.9,9.1,.427,1.9,5.4,.363,1.9,3.8,.517,.534,1.1,1.2,.879,0.4,2.5,2.9,2.7,0.8,0.2,1.4,2.4,10.8,,Bogdan Bogdanović
2024-25,32,ATL,NBA,SG,24,0,24.9,3.5,9.3,.371,1.8,6.1,.301,1.6,3.3,.500,.469,1.3,1.4,.882,0.5,2.3,2.8,2.0,0.8,0.3,1.5,2.4,10.0,,Bogdan Bogdanović
2024-25,32,LAC,NBA,SG,30,4,25.0,4.2,8.9,.474,2.0,4.8,.427,2.2,4.2,.528,.588,0.9,1.1,.875,0.4,2.7,3.1,3.2,0.7,0.2,1.2,2.3,11.4,,Bogdan Bogdanović
2024-25,35,2TM,NBA,SF,55,55,31.7,5.5,10.9,0.504,0.6,1.9,0.308,4.9,9,0.546,0.531,6,7.1,0.842,2.3,3.1,5.4,5.4,1.4,0.3,1.3,0.9,17.5,,Jimmy Butler
2024-25,35,MIA,NBA,PF,25,25,30.6,5.7,10.5,0.54,0.5,1.4,0.361,5.2,9.1,0.568,0.565,5.2,6.4,0.801,2.2,3,5.2,4.8,1.1,0.4,1.2,0.9,17,,Jimmy Butler
2024-25,35,GSW,NBA,SF,30,30,32.7,5.3,11.1,0.476,0.6,2.3,0.279,4.7,8.9,0.526,0.504,6.7,7.7,0.87,2.3,3.2,5.5,5.9,1.7,0.3,1.5,1,17.9,,Jimmy Butler
2024-25,36,GSW,NBA,PG,70,70,32.2,8.1,18,0.448,4.4,11.2,0.397,3.6,6.8,0.534,0.572,4,4.3,0.933,0.6,3.9,4.4,6,1.1,0.4,2.9,1.4,24.5,"MVP-9,CPOY-5,AS,NBA2",Stephen Curry
2024-25,29,2TM,NBA,SF,60,60,30.7,6.3,14,0.448,2.2,5.8,0.374,4.1,8.2,0.501,0.526,3.3,4.3,0.763,1.5,3,4.5,2.6,1,0.8,1.7,1.7,18,,Andrew Wiggins
2024-25,29,GSW,NBA,SF,43,43,30.1,6.1,13.7,0.444,2.2,5.8,0.379,3.9,7.9,0.491,0.524,3.2,4.2,0.777,1.5,3,4.6,2.4,0.9,0.8,1.3,1.6,17.6,,Andrew Wiggins
2024-25,29,MIA,NBA,SF,17,17,32.1,6.8,14.8,0.458,2.1,5.9,0.36,4.6,8.9,0.523,0.53,3.4,4.6,0.731,1.4,2.9,4.2,3.3,1.2,1,2.5,1.8,19,,Andrew Wiggins
2024-25,34,GSW,NBA,PF,68,66,29.2,3.2,7.5,0.424,1.2,3.6,0.325,2,3.9,0.517,0.503,1.5,2.2,0.687,1.1,5,6.1,5.6,1.5,1,2.6,3.2,9,"DPOY-3,DEF1",Draymond Green
2024-25,21,GSW,NBA,SG,64,33,26.8,4.4,9.8,0.445,1.8,4.8,0.372,2.6,5,0.516,0.537,1.1,1.5,0.758,1,4.1,5.1,3.4,1.1,0.2,1.2,1.5,11.7,,Brandin Podziemski
2024-25,25,2TM,NBA,PG,50,50,35.4,9.2,20.5,0.45,3.5,9.6,0.368,5.7,10.9,0.522,0.536,6.2,7.9,0.782,0.8,7.4,8.2,7.7,1.8,0.4,3.6,2.5,28.2,,Luka Dončić
2024-25,25,DAL,NBA,PG,22,22,35.7,9.8,21.2,0.464,3.4,9.6,0.354,6.4,11.5,0.555,0.544,5.1,6.6,0.767,0.7,7.6,8.3,7.8,2,0.4,3.4,2.6,28.1,,Luka Dončić
2024-25,25,LAL,NBA,PG,28,28,35.1,8.8,20,0.438,3.6,9.6,0.379,5.1,10.4,0.493,0.53,7,8.9,0.791,0.9,7.2,8.1,7.5,1.6,0.4,3.7,2.4,28.2,,Luka Dončić
2024-25,26,LAL,NBA,SG,73,73,34.9,6.5,14.2,0.46,2.7,7.3,0.377,3.8,6.9,0.547,0.556,4.4,5,0.877,0.8,3.7,4.5,5.8,1.1,0.3,2.4,2.1,20.2,,Austin Reaves
2024-25,40,LAL,NBA,SF,70,70,34.9,9.3,18.1,.513,2.1,5.7,.376,7.2,12.5,.574,.571,3.7,4.7,.782,1.0,6.8,7.8,8.2,1.0,0.6,3.7,1.4,24.4,"MVP-6,CPOY-7,AS,NBA2",LeBron James
2024-25,31,2TM,NBA,PF,51,51,33.5,9.2,17.8,0.516,0.7,2.4,0.282,8.5,15.4,0.553,0.536,5.6,7.2,0.775,2.6,8.9,11.6,3.5,1.2,2.2,2.2,1.9,24.7,AS,Anthony Davis
2024-25,31,LAL,NBA,C,42,42,34.3,9.5,18,0.528,0.7,2.2,0.298,8.9,15.8,0.56,0.546,6,7.6,0.788,2.8,9,11.9,3.4,1.3,2.1,2.2,2,25.7,,Anthony Davis
2024-25,31,DAL,NBA,PF,9,9,29.6,7.8,16.9,0.461,0.8,3.3,0.233,7,13.6,0.516,0.484,3.7,5.3,0.688,1.7,8.4,10.1,4.4,0.6,2.2,2.2,1.8,20,,Anthony Davis
2024-25,26,LAL,NBA,PF,59,57,31.7,5,9.8,0.509,1.7,4.2,0.413,3.2,5.6,0.581,0.597,1.5,1.9,0.77,1.3,3.7,5,1.4,0.8,0.4,0.8,1.8,13.1,NA,Rui Hachimura
2024-25,26,OKC,NBA,PG,76,76,34.2,11.3,21.8,0.519,2.1,5.7,0.375,9.2,16.1,0.571,0.569,7.9,8.8,0.898,0.9,4.1,5,6.4,1.7,1,2.4,2.2,32.7,"MVP-1,DPOY-10,CPOY-8,AS,NBA1",Shai Gilgeous-Alexander
2024-25,23,OKC,NBA,SG,69,69,32.4,8.2,16.9,0.484,1.8,4.9,0.365,6.4,12,0.533,0.537,3.4,4.3,0.789,0.9,4.5,5.3,5.1,1.6,0.7,2.2,2.3,21.6,"AS,NBA3,DEF2",Jalen Williams
2024-25,25,OKC,NBA,SF,71,71,29.2,3.6,8.4,0.435,2.4,5.8,0.412,1.2,2.5,0.489,0.578,0.5,0.6,0.717,1.3,2.9,4.1,1.6,1.1,0.5,0.7,2.9,10.1,"DPOY-4,DEF1",Luguentz Dort
2024-25,26,OKC,NBA,C,57,53,27.9,4.9,8.4,0.581,0,0.3,0,4.9,8.1,0.605,0.581,1.4,2.1,0.675,2.9,7.9,10.7,3.8,0.8,1.1,1.7,3,11.2,NA,Isaiah Hartenstein
2024-25,21,OKC,NBA,SG,68,43,27.6,3.4,7.2,0.474,1.1,3.1,0.356,2.3,4.1,0.562,0.55,0.4,0.5,0.811,1,2.3,3.4,2.5,1.8,0.5,0.9,2.1,8.4,NA,Cason Wallace
2024-25,29,DEN,NBA,C,70,70,36.7,11.2,19.5,.576,2.0,4.7,.417,9.3,14.8,.627,.627,5.2,6.4,.800,2.9,9.9,12.7,10.2,1.8,0.6,3.3,2.3,29.6,"MVP-2,CPOY-2,AS,NBA1",Nikola Jokić
2024-25,27,DEN,NBA,PG,67,67,36.1,7.9,16.7,.474,2.3,5.9,.393,5.6,10.8,.518,.543,3.3,3.7,.886,0.7,3.2,3.9,6.0,1.4,0.5,2.1,1.9,21.4,,Jamal Murray
2024-25,23,DEN,NBA,SG,79,77,33.9,6,10.4,0.58,1.1,2.8,0.397,4.9,7.6,0.648,0.634,2.2,2.7,0.827,1.2,3.9,5.2,2.6,1.1,0.5,1,2.2,15.4,NA,Christian Braun
2024-25,26,DEN,NBA,SF,77,77,33.7,6.9,13.6,.504,2.5,6.4,.395,4.4,7.3,.599,.596,1.9,2.5,.768,1.8,5.2,7.0,2.1,0.6,0.5,1.4,2.0,18.2,,Michael Porter Jr.
2024-25,29,DEN,NBA,PF,51,42,28.4,5.2,9.7,0.531,1.5,3.4,0.436,3.7,6.4,0.582,0.607,2.8,3.5,0.81,1.6,3.3,4.8,3.2,0.5,0.3,1.4,1.6,14.7,NA,Aaron Gordon
2024-25,24,POR,NBA,PF,78,78,32.7,4.2,9.2,0.458,1.7,4.6,0.375,2.5,4.6,0.542,0.552,1.2,1.6,0.722,2.2,3.6,5.8,2.2,1.5,0.6,1.4,2.9,11.3,"DPOY-9,DEF2",Toumani Camara
2024-25,25,POR,NBA,SG,70,70,32.7,6.8,16.1,0.426,3.1,8.5,0.363,3.8,7.6,0.496,0.521,2.5,2.8,0.902,0.4,2.3,2.7,4.8,0.9,0.1,2,1.7,19.3,NA,Anfernee Simons
2024-25,30,POR,NBA,PF,47,47,32.4,4.6,12.2,0.373,2.3,6.3,0.365,2.3,5.9,0.381,0.467,3,3.5,0.849,0.6,2.9,3.5,2.1,0.9,1,1.4,2.3,14.4,NA,Jerami Grant
2024-25,21,POR,NBA,SG,72,52,31.3,6.9,15.3,0.452,2,6.6,0.311,4.9,8.8,0.557,0.519,2.6,3.4,0.785,0.9,3.6,4.5,2.8,0.9,0.2,2.1,1.7,18.5,NA,Shaedon Sharpe
2024-25,26,POR,NBA,C,40,40,30.2,6.6,11.7,0.566,0.2,0.8,0.188,6.5,10.9,0.594,0.573,1,1.5,0.667,3.1,7.1,10.2,1.6,0.8,1,1.7,2.2,14.4,,Deandre Ayton
2024-25,23,MIN,NBA,SG,79,79,36.3,9.1,20.4,0.447,4.1,10.3,0.395,5.1,10.1,0.501,0.547,5.3,6.3,0.837,0.8,4.9,5.7,4.5,1.2,0.6,3.2,1.9,27.6,"MVP-7,CPOY-3,AS,NBA2",Anthony Edwards
2024-25,30,MIN,NBA,PF,69,69,32.3,6.6,13.6,0.485,1.6,4.6,0.344,5,9.1,0.555,0.542,3.9,4.9,0.806,2.1,5,7.1,4.7,0.7,0.2,2.8,2.5,18.7,,Julius Randle
2024-25,32,MIN,NBA,C,72,72,33.2,4.7,7.1,0.669,0,0,NA,4.7,7.1,0.669,0.669,2.6,3.8,0.674,3.7,7.2,10.9,1.8,0.8,1.4,1.2,2.5,12,"DPOY-13,DEF2",Rudy Gobert
2024-25,24,MIN,NBA,PF,82,82,31.9,4.9,10.2,0.477,1.2,3.7,0.33,3.6,6.5,0.561,0.537,1.3,1.6,0.813,1.6,4.2,5.7,2,1.3,0.9,1.2,2.7,12.2,,Jaden McDaniels
2024-25,25,MIN,NBA,C,80,17,27.5,5.3,11.5,0.462,2.2,5.8,0.379,3.1,5.8,0.544,0.556,1.4,1.8,0.776,1.2,4.9,6,2.3,0.7,0.9,1.4,2.4,14.2,6MOY-5,Naz Reid
2024-25,21,UTA,NBA,PG,67,35,31.5,5.4,13.7,0.391,2.6,7.6,0.343,2.8,6.1,0.449,0.485,3.5,4.3,0.818,0.4,3.4,3.8,5.6,0.7,0.1,2.7,1.7,16.8,NA,Keyonte George
2024-25,27,UTA,NBA,PF,47,47,31.4,6.3,14.9,0.423,2.9,8.5,0.346,3.4,6.4,0.525,0.521,3.4,3.9,0.876,1.5,4.4,5.9,1.5,0.7,0.4,1.4,1.7,19,,Lauri Markkanen
2024-25,27,UTA,NBA,PF,40,31,30.5,7,13.3,0.527,1.5,3.7,0.399,5.5,9.6,0.577,0.583,3.5,4.1,0.848,2.2,6,8.2,2,1,1,2.6,2.9,19,NA,John Collins
2024-25,23,UTA,NBA,C,58,58,30,4.8,7.2,0.663,0.1,0.6,0.176,4.7,6.6,0.706,0.671,1.4,2.6,0.52,4.6,7.6,12.2,1.7,0.6,2.4,1.5,2.2,11.1,,Walker Kessler
2024-25,26,UTA,NBA,SG,63,61,27.9,6.6,13.8,0.48,1.7,4.3,0.406,4.9,9.5,0.513,0.543,3.4,4,0.865,1,1.8,2.7,4.2,0.7,0.1,2.5,2.3,18.4,,Collin Sexton
2024-25,30,HOU,NBA,PG,60,60,35.2,4.8,12.7,0.378,2.7,7.7,0.345,2.1,5,0.43,0.483,1.9,2.3,0.81,0.5,3.2,3.7,5.6,1.6,0.4,1.5,2.3,14.1,,Fred VanVleet
2024-25,22,HOU,NBA,SG,82,82,32.9,7.4,17.5,0.423,2.9,8.1,0.354,4.6,9.5,0.482,0.505,3.3,4.1,0.813,0.5,4,4.6,3.4,0.9,0.3,2.5,1.5,21,,Jalen Green
2024-25,22,HOU,NBA,SF,69,42,32.2,5.6,10.1,0.557,0.4,1.3,0.275,5.3,8.8,0.599,0.575,2.4,3.6,0.684,2.8,5.4,8.2,3.8,1.4,1.3,2,2.4,14.1,"DPOY-5,DEF1",Amen Thompson
2024-25,29,HOU,NBA,SF,75,75,31.8,5.1,11.9,0.429,2.5,6.3,0.397,2.6,5.7,0.465,0.533,1.3,1.6,0.818,1,2.7,3.7,1.7,0.8,0.2,1,3.2,14,,Dillon Brooks
2024-25,22,HOU,NBA,C,76,76,31.5,7.5,15,0.496,0.3,1.2,0.233,7.2,13.9,0.519,0.505,3.9,5.6,0.692,3.4,6.9,10.3,4.9,1.1,0.8,2.6,2.8,19.1,AS,Alperen Şengün
2024-25,21,SAS,NBA,C,46,46,33.2,8.9,18.6,0.476,3.1,8.8,0.352,5.8,9.9,0.586,0.559,3.4,4.1,0.836,1.8,9.2,11,3.7,1.1,3.8,3.2,2.3,24.3,AS,Victor Wembanyama
2024-25,24,SAS,NBA,SG,64,53,31,6.2,13.9,0.443,2.5,6.7,0.368,3.7,7.2,0.513,0.532,1.5,1.9,0.792,0.5,3.5,4,2.9,1.3,0.5,1.4,1.7,16.3,NA,Devin Vassell
2024-25,39,SAS,NBA,PG,82,82,28.0,3.0,7.1,.427,1.7,4.5,.377,1.3,2.6,.514,.547,1.0,1.1,.924,0.4,3.2,3.6,7.4,1.3,0.3,1.6,1.8,8.8,,Chris Paul
2024-25,32,SAS,NBA,PF,82,82,27.2,4.2,8.3,0.508,1.9,4.4,0.433,2.3,3.9,0.591,0.622,2,2.4,0.809,1.2,2.6,3.8,1.7,0.5,0.2,0.6,0.9,12.3,,Harrison Barnes
2024-25,20,SAS,NBA,SG,81,47,26.7,5.2,12.2,0.428,1.2,4.1,0.285,4,8.1,0.501,0.476,3.1,4.2,0.724,1.1,2.6,3.7,4.1,0.9,0.3,2.2,2,14.7,ROY-1,Stephon Castle
2024-25,26,MEM,NBA,SG,69,68,32,7.1,14.8,0.484,2.4,6.1,0.392,4.8,8.7,0.548,0.565,2.6,2.9,0.894,0.9,5.2,6.1,5.3,1.2,0.4,2.4,2.4,19.2,NA,Desmond Bane
2024-25,25,MEM,NBA,PG,50,50,30.4,8.1,17.8,0.454,1.8,5.7,0.309,6.3,12.1,0.523,0.504,5.3,6.4,0.824,0.7,3.4,4.1,7.3,1.2,0.2,3.7,2.3,23.2,,Ja Morant
2024-25,25,MEM,NBA,C,74,74,29.8,8,16.4,0.488,2,5.3,0.375,6,11.1,0.541,0.548,4.2,5.4,0.781,1.2,4.4,5.6,2,1.2,1.5,2.1,3.5,22.2,"DPOY-7,AS,DEF2",Jaren Jackson Jr.
2024-25,21,MEM,NBA,SG,79,74,25.9,3.6,8.6,0.425,1.7,5,0.352,1.9,3.6,0.525,0.527,1.4,1.7,0.822,1.1,2.3,3.4,1.7,0.6,0.1,0.9,1.8,10.4,ROY-3,Jaylen Wells
2024-25,24,MEM,NBA,PF,65,16,25.5,4.8,10,0.483,1.8,5,0.368,3,5,0.599,0.576,1,1.4,0.691,1.4,5,6.4,2.9,0.8,0.4,1.1,1.2,12.5,NA,Santi Aldama
2024-25,24,NOP,NBA,SF,53,51,35,7.2,15.8,0.454,3,8.3,0.361,4.2,7.6,0.556,0.548,3.8,4.3,0.887,0.9,4.2,5.1,3.5,1.1,0.7,1.9,2.1,21.2,NA,Trey Murphy III
2024-25,27,NOP,NBA,SF,18,18,33.1,8.6,18.5,0.465,2.4,6.4,0.374,6.2,12.1,0.514,0.53,2.6,3.1,0.855,0.9,4.6,5.6,5.2,0.9,0.6,3.8,2.5,22.2,,Brandon Ingram
2024-25,33,NOP,NBA,PG,56,56,32.7,7.9,17.9,0.444,3.1,8.2,0.373,4.9,9.7,0.505,0.53,2.2,3.1,0.717,0.8,3,3.8,4.1,0.8,0.4,1.9,2.2,21.1,,CJ McCollum
2024-25,28,NOP,NBA,PG,31,31,32.6,6.3,15.9,.393,1.7,5.6,.299,4.6,10.3,.444,.445,3.3,4.0,.823,0.5,5.9,6.5,7.4,2.0,0.4,3.4,2.0,17.5,,Dejounte Murray
2024-25,26,NOP,NBA,SF,20,20,32.4,3.8,8.6,0.436,1.1,3.6,0.306,2.7,5,0.53,0.5,1.7,2,0.825,1.1,2.8,3.9,3.3,1.9,0.5,1.8,3.3,10.3,,Herbert Jones
2024-25,32,DAL,NBA,SG,50,50,36.1,8.9,18.9,0.473,2.9,7.2,0.401,6.1,11.7,0.517,0.549,3.9,4.3,0.916,1.2,3.6,4.8,4.6,1.3,0.5,2.2,2,24.7,"CPOY-10,AS",Kyrie Irving
2024-25,26,DAL,NBA,PF,57,56,32.2,5.3,11.7,0.453,1.6,4.2,0.381,3.7,7.5,0.493,0.521,2.5,3.5,0.722,1.4,6.3,7.8,2.3,1.1,1.1,2.1,2.3,14.7,NA,P.J. Washington
2024-25,21,2TM,NBA,SG,78,36,27.3,3.2,7.6,0.427,1.5,4,0.366,1.8,3.5,0.496,0.525,1.7,1.9,0.855,0.5,2.8,3.3,1.9,0.8,0.4,1.1,1.5,9.6,NA,Max Christie
2024-25,21,LAL,NBA,SG,46,25,25.1,2.8,6.3,0.444,1.3,3.5,0.368,1.5,2.7,0.544,0.549,1.6,1.9,0.851,0.5,2.1,2.7,1.4,0.8,0.5,0.8,1.6,8.5,NA,Max Christie
2024-25,21,DAL,NBA,SG,32,11,30.4,3.9,9.4,0.411,1.7,4.7,0.364,2.2,4.7,0.457,0.502,1.8,2,0.862,0.4,3.8,4.2,2.5,0.9,0.3,1.5,1.3,11.2,NA,Max Christie
2024-25,27,DAL,NBA,SF,69,31,27.8,5.2,10.3,0.508,0.9,3.2,0.275,4.4,7.2,0.611,0.551,1.9,2.3,0.813,1.1,3.7,4.8,3,1,0.2,1.6,1.6,13.2,NA,Naji Marshall
2024-25,34,DAL,NBA,SF,72,72,27.3,5.0,12.2,.412,3.0,7.7,.391,2.0,4.5,.448,.535,0.9,1.0,.905,0.6,2.8,3.4,2.0,0.7,0.4,1.2,1.1,14.0,,Klay Thompson
2024-25,24,PHI,NBA,PG,52,52,37.7,9.2,21,0.437,3.1,9.2,0.337,6.1,11.8,0.515,0.511,4.9,5.6,0.879,0.3,3.1,3.3,6.1,1.8,0.4,2.4,2.2,26.3,CPOY-10,Tyrese Maxey
2024-25,29,PHI,NBA,SF,60,57,34.6,5.8,12.4,0.47,1.2,4,0.293,4.6,8.3,0.555,0.518,2.3,3.1,0.751,1.6,4.5,6.1,1.8,1.5,0.5,1.3,3,15.1,,Kelly Oubre Jr.
2024-25,24,2TM,NBA,SG,75,37,26.8,5.1,11,0.467,2.2,5.6,0.385,3,5.4,0.552,0.565,2.2,2.9,0.757,0.8,3.5,4.3,3,1,0.3,1.9,1.8,14.6,NA,Quentin Grimes
2024-25,24,DAL,NBA,SG,47,12,22.8,3.6,7.8,0.463,1.7,4.3,0.398,1.9,3.5,0.543,0.573,1.3,1.7,0.765,0.6,3.2,3.8,2.1,0.7,0.2,1.3,1.7,10.2,NA,Quentin Grimes
2024-25,24,PHI,NBA,SG,28,25,33.7,7.7,16.4,0.469,2.9,7.9,0.373,4.8,8.5,0.559,0.559,3.6,4.8,0.752,1,4.1,5.2,4.5,1.5,0.4,2.9,2.1,21.9,NA,Quentin Grimes
2024-25,34,PHI,NBA,PF,41,41,32.5,6,13.9,0.43,2.3,6.5,0.358,3.6,7.4,0.493,0.514,1.9,2.4,0.814,0.6,4.8,5.3,4.3,1.8,0.5,2.6,2.5,16.2,,Paul George
2024-25,29,2TM,NBA,SF,45,24,27.1,2.9,6.8,0.424,0.8,2.3,0.359,2,4.5,0.458,0.485,1.4,2.2,0.622,1.2,2.8,3.9,2.1,1,0.5,1.2,1.9,7.9,NA,Caleb Martin
2024-25,29,PHI,NBA,SF,31,24,30.4,3.3,7.5,0.435,1.1,2.8,0.379,2.2,4.7,0.469,0.506,1.5,2.4,0.622,1.4,3,4.4,2.2,1.1,0.6,1.4,2,9.1,NA,Caleb Martin
2024-25,29,DAL,NBA,SF,14,0,19.6,2,5.1,0.389,0.3,1.1,0.25,1.7,4,0.429,0.417,1.1,1.7,0.625,0.7,2.2,2.9,1.9,0.9,0.2,0.9,1.7,5.4,NA,Caleb Martin
2024-25,29,NYK,NBA,SG,77,77,37.6,5.2,10,0.525,1.1,3.3,0.333,4.2,6.7,0.618,0.579,2.1,2.7,0.776,2.1,7.5,9.6,5.9,1.5,0.4,2.1,2.6,13.6,NA,Josh Hart
2024-25,28,NYK,NBA,SF,82,82,37,7.2,14.4,0.5,2,5.6,0.354,5.2,8.8,0.594,0.57,1.2,1.4,0.814,0.9,2.3,3.2,3.7,0.9,0.5,1.6,1.5,17.6,,Mikal Bridges
2024-25,27,NYK,NBA,PF,74,74,36.6,6.6,13.9,0.476,2.3,6.2,0.372,4.3,7.7,0.561,0.559,2.5,3.1,0.81,1.3,3.5,4.8,2.2,1.5,0.9,1.4,2.3,18,,OG Anunoby
2024-25,28,NYK,NBA,PG,65,65,35.4,9,18.5,0.488,2.3,6.1,0.383,6.7,12.4,0.539,0.551,5.7,6.9,0.821,0.4,2.5,2.9,7.3,0.9,0.1,2.5,2.1,26,"MVP-10,CPOY-1,AS,NBA2",Jalen Brunson
2024-25,29,NYK,NBA,C,72,72,35,8.9,16.9,0.526,2,4.7,0.42,6.9,12.2,0.567,0.584,4.7,5.7,0.829,2.9,9.8,12.8,3.1,1,0.7,2.7,3.5,24.4,"AS,NBA3",Karl-Anthony Towns
2024-25,23,TOR,NBA,PF,65,65,32.8,7.3,16.4,0.446,1.2,4.3,0.271,6.1,12,0.508,0.482,3.5,4.6,0.755,1.7,6,7.7,5.8,1.4,1,2.8,1.7,19.3,,Scottie Barnes
2024-25,24,TOR,NBA,SF,58,58,32.2,7.9,16.9,0.468,1.8,5.3,0.35,6.1,11.7,0.522,0.523,3.4,5.4,0.63,1.1,5.3,6.3,5.4,0.8,0.3,2.8,2.4,21.1,,RJ Barrett
2024-25,29,TOR,NBA,C,57,56,29.6,6.4,10.2,0.627,0,0.1,0.333,6.4,10.1,0.628,0.628,1.7,2.5,0.674,3.3,6.3,9.6,2.8,1.2,1.2,1.9,3.1,14.5,,Jakob Poeltl
2024-25,21,TOR,NBA,SG,54,54,29.4,4.9,12,0.41,2.1,6,0.35,2.8,5.9,0.47,0.498,2.5,2.9,0.858,0.8,2.8,3.6,1.8,0.9,0.2,1.5,2.2,14.4,NA,Gradey Dick
2024-25,25,TOR,NBA,PG,33,33,27.8,5.6,13.3,0.42,2.6,6.8,0.378,3,6.5,0.465,0.517,3.4,3.9,0.867,0.5,3.1,3.5,5.8,0.7,0.1,1.8,1.8,17.1,,Immanuel Quickley
2024-25,26,BOS,NBA,PF,72,72,36.4,9.2,20.3,0.452,3.5,10.1,0.343,5.7,10.2,0.559,0.537,5,6.1,0.814,0.7,8,8.7,6,1.1,0.5,2.9,2.2,26.8,"MVP-4,CPOY-10,AS,NBA1",Jayson Tatum
2024-25,28,BOS,NBA,SF,63,63,34.3,8.2,17.7,0.463,1.8,5.7,0.324,6.4,12.1,0.529,0.515,3.9,5.1,0.764,1.3,4.5,5.8,4.5,1.2,0.3,2.6,2.4,22.2,AS,Jaylen Brown
2024-25,30,BOS,NBA,SG,76,76,33.9,5.6,12.6,0.442,3.5,9.1,0.384,2.1,3.5,0.593,0.58,1.8,2.1,0.839,0.9,3.6,4.5,4.8,0.9,1.1,1.7,1.8,16.4,DPOY-10,Derrick White
2024-25,34,BOS,NBA,PG,62,62,30.6,4.1,9.2,0.443,1.7,4.9,0.353,2.4,4.3,0.547,0.538,1.1,1.2,0.909,1.2,3,4.3,3.9,1.1,0.4,1.2,1.6,11.1,,Jrue Holiday
2024-25,29,BOS,NBA,C,42,42,28.8,6.6,13.7,.483,2.5,6.0,.412,4.1,7.7,.537,.572,3.8,4.7,.809,1.6,5.1,6.8,2.1,0.7,1.5,1.3,2.8,19.5,,Kristaps Porziņģis
2024-25,31,3TM,NBA,PG,75,49,28.1,4.5,11.0,.406,1.7,4.9,.342,2.8,6.1,.458,.483,2.4,2.9,.838,0.4,2.3,2.6,5.4,0.9,0.2,1.9,2.4,13.1,,Dennis Schröder
2024-25,31,BRK,NBA,PG,23,23,33.6,6.4,14.1,.452,2.5,6.5,.387,3.9,7.6,.509,.542,3.1,3.5,.889,0.2,2.8,3.0,6.6,1.1,0.2,2.6,2.4,18.4,,Dennis Schröder
2024-25,31,GSW,NBA,SG,24,18,26.2,3.9,10.5,.375,1.5,4.8,.322,2.4,5.7,.419,.448,1.2,1.6,.744,0.4,1.9,2.3,4.4,1.0,0.1,2.0,2.8,10.6,,Dennis Schröder
2024-25,31,DET,NBA,PG,28,8,25.2,3.4,9.0,.378,1.1,3.8,.302,2.3,5.2,.434,.442,2.9,3.4,.833,0.5,2.2,2.6,5.3,0.5,0.2,1.3,2.0,10.8,,Dennis Schröder
2024-25,28,BRK,NBA,PF,57,57,31.6,6.2,13.1,0.475,2.8,7.2,0.39,3.4,5.9,0.578,0.582,3.5,3.9,0.893,0.9,3.4,4.3,3.4,0.9,0.4,1.7,1.8,18.8,,Cameron Johnson
2024-25,23,BRK,NBA,SG,25,23,31.2,8,18.2,0.438,2.7,7.8,0.349,5.2,10.4,0.506,0.513,5.3,6,0.881,0.6,2.7,3.3,3.8,0.6,0.1,2.5,1.8,24,NA,Cam Thomas
2024-25,31,2TM,NBA,PF,63,40,28.9,3.1,6.9,0.448,2,5,0.411,1,1.9,0.545,0.597,0.5,0.7,0.667,1.3,2.7,3.9,1.4,0.9,0.4,0.9,2.2,8.7,NA,Dorian Finney-Smith
2024-25,31,BRK,NBA,PF,20,20,29,3.7,8,0.459,2.4,5.4,0.435,1.3,2.6,0.51,0.607,0.8,1.2,0.625,1.6,3,4.6,1.6,0.9,0.6,0.9,2.7,10.4,NA,Dorian Finney-Smith
2024-25,31,LAL,NBA,PF,43,20,28.8,2.8,6.4,0.442,1.9,4.8,0.398,0.9,1.6,0.571,0.591,0.3,0.5,0.714,1.1,2.5,3.6,1.4,0.9,0.3,0.9,1.9,7.9,NA,Dorian Finney-Smith
2024-25,24,BRK,NBA,PF,9,2,28.2,5,11.3,0.441,1,3.9,0.257,4,7.4,0.537,0.485,1.1,1.8,0.625,1.9,5.3,7.2,2.2,0.4,0.1,1.7,2.3,12.1,NA,Drew Timme
2024-25,24,CHI,NBA,SG,74,73,33.1,6.9,15.1,0.453,2.9,7.9,0.37,3.9,7.3,0.544,0.55,3.7,4.1,0.902,0.3,3.4,3.7,4.5,0.9,0.2,2.4,2.1,20.4,,Coby White
2024-25,34,CHI,NBA,C,73,72,31.2,7.5,14.2,0.53,1.8,4.4,0.402,5.8,9.8,0.587,0.592,1.6,2,0.805,2.4,7.6,10.1,3.5,0.8,0.7,1.6,2.2,18.5,,Nikola Vučević
2024-25,25,CHI,NBA,SG,46,26,30.3,4.8,9.8,0.492,1.3,4.1,0.328,3.5,5.7,0.612,0.561,1.3,1.7,0.785,0.6,2.9,3.5,4.5,0.9,0.4,1.5,2.3,12.3,NA,Ayo Dosunmu
2024-25,22,CHI,NBA,PG,70,69,30.2,5.3,11.4,0.465,1.5,4,0.378,3.8,7.4,0.512,0.531,2.5,3.2,0.781,1.8,6.3,8.1,7.2,1.2,0.6,2.9,1.7,14.6,NA,Josh Giddey
2024-25,26,2TM,NBA,SG,69,31,24.3,3.7,8.8,0.425,1.9,5.7,0.338,1.8,3.1,0.587,0.535,0.5,0.7,0.714,0.4,2.5,3,2.3,1,0.3,1,1.8,9.9,NA,Kevin Huerter
2024-25,26,SAC,NBA,SG,43,15,20.9,3,7.2,0.413,1.4,4.8,0.302,1.5,2.4,0.629,0.513,0.5,0.7,0.714,0.4,2.3,2.8,1.7,0.8,0.4,0.9,1.6,7.9,NA,Kevin Huerter
2024-25,26,CHI,NBA,SG,26,16,30,5,11.3,0.439,2.7,7.2,0.376,2.3,4.2,0.546,0.558,0.6,0.8,0.714,0.4,2.8,3.3,3.2,1.2,0.3,1.2,2,13.2,NA,Kevin Huerter
2024-25,23,DET,NBA,PG,70,70,35,9.8,20.8,0.469,2.1,6,0.356,7.6,14.8,0.515,0.521,4.5,5.3,0.846,0.8,5.3,6.1,9.1,1,0.8,4.4,2.8,26.1,"MVP-7,AS,NBA3",Cade Cunningham
2024-25,32,DET,NBA,PF,73,73,31.6,5.3,11.0,.477,1.2,3.6,.345,4.0,7.4,.542,.534,2.0,2.3,.861,0.9,5.0,5.9,2.2,1.0,0.8,1.2,1.9,13.7,,Tobias Harris
2024-25,22,DET,NBA,SG,30,30,29.9,6.3,13.8,0.46,2.1,5.1,0.409,4.2,8.6,0.49,0.536,2.8,3.9,0.733,1.3,2.8,4.1,4,0.9,0.4,3,2.2,17.6,,Jaden Ivey
2024-25,32,DET,NBA,SG,77,77,28,3.6,8.8,0.406,2.2,5.9,0.368,1.4,2.9,0.484,0.529,1.6,1.9,0.855,0.2,2.1,2.4,1.6,0.5,0.1,0.6,1.2,11,,Tim Hardaway Jr.
2024-25,28,DET,NBA,SG,82,18,27.8,5.6,13.1,0.43,3.9,9.3,0.416,1.7,3.7,0.466,0.579,1.2,1.7,0.679,0.6,2,2.6,1.7,0.9,0.1,1,1.5,16.3,6MOY-2,Malik Beasley
2024-25,28,CLE,NBA,SG,71,71,31.4,8.2,18.6,0.443,3.3,8.9,0.368,5,9.7,0.512,0.531,4.2,5.1,0.823,0.8,3.7,4.5,5,1.3,0.2,2.1,2,24,"MVP-5,CPOY-9,AS,NBA1",Donovan Mitchell
2024-25,25,CLE,NBA,PG,75,75,30.7,7.4,15.7,0.472,2.8,7.1,0.401,4.6,8.6,0.53,0.562,3,3.4,0.878,0.6,2.2,2.9,6.7,1.2,0.1,2.5,1.9,20.6,"CPOY-6,AS",Darius Garland
2024-25,23,CLE,NBA,PF,71,71,30.5,7.1,12.8,0.557,1.2,3.2,0.37,5.9,9.5,0.621,0.604,3.1,4.3,0.725,2.3,7,9.3,3.2,0.9,1.6,2,2,18.5,"MVP-10,DPOY-1,AS,NBA2,DEF1",Evan Mobley
2024-25,26,CLE,NBA,C,82,82,28,5.5,7.8,0.706,0,0.1,0,5.5,7.7,0.712,0.706,2.4,3.4,0.718,2.6,7.1,9.7,1.9,0.9,0.9,1.2,1.5,13.5,,Jarrett Allen
2024-25,28,CLE,NBA,SF,50,37,25.5,3.3,7.5,0.442,2.3,5.9,0.386,1,1.6,0.65,0.594,0.6,0.7,0.824,1.1,3.3,4.3,3.2,0.5,0.2,1.1,2.1,9.4,NA,Max Strus
2024-25,34,MIL,NBA,PG,58,58,36.1,7.7,17.1,0.448,3.4,9,0.376,4.3,8.1,0.528,0.547,6.2,6.8,0.921,0.5,4.2,4.7,7.1,1.2,0.2,2.8,1.7,24.9,AS,Damian Lillard
2024-25,29,2TM,NBA,PF,65,62,29.8,5.7,13,0.436,1.5,4.8,0.307,4.2,8.2,0.512,0.493,2,3.1,0.634,0.8,4.9,5.7,2.3,0.6,0.3,2.2,1.8,14.8,,Kyle Kuzma
2024-25,29,WAS,NBA,PF,32,30,27.7,6,14.2,0.42,1.4,5,0.281,4.6,9.2,0.495,0.469,1.8,3.1,0.602,0.8,4.9,5.8,2.5,0.6,0.2,2.3,1.6,15.2,,Kyle Kuzma
2024-25,29,MIL,NBA,PF,33,32,31.8,5.4,11.9,0.455,1.5,4.6,0.333,3.9,7.3,0.533,0.52,2.1,3.2,0.663,0.8,4.8,5.6,2.2,0.5,0.4,2.2,2,14.5,,Kyle Kuzma
2024-25,30,MIL,NBA,PF,67,67,34.2,11.8,19.7,0.601,0.2,0.9,0.222,11.6,18.7,0.62,0.607,6.5,10.6,0.617,2.2,9.7,11.9,6.5,0.9,1.2,3.1,2.3,30.4,"MVP-3,DPOY-8,AS,NBA1",Giannis Antetokounmpo
2024-25,36,MIL,NBA,C,80,80,31.8,4.9,9.7,0.509,1.7,4.7,0.373,3.2,5,0.636,0.599,1.4,1.7,0.826,1.4,3.6,5,1.8,0.6,1.9,1.1,2.1,13,,Brook Lopez
2024-25,30,MIL,NBA,SF,80,73,27.1,2.9,6.4,0.457,1.8,4.2,0.439,1.1,2.2,0.492,0.6,0.5,0.6,0.813,0.4,3.2,3.6,1.9,1,0.2,1,2.1,8.2,NA,Taurean Prince
2024-25,24,IND,NBA,PG,73,73,33.6,6.5,13.8,0.473,3,7.7,0.388,3.5,6.1,0.581,0.582,2.6,3,0.851,0.6,3,3.5,9.2,1.4,0.7,1.6,1.3,18.6,NBA3,Tyrese Haliburton
2024-25,30,IND,NBA,PF,78,78,32.7,7.9,15.2,0.519,1.6,4.2,0.389,6.2,11,0.568,0.572,2.9,3.9,0.734,1.7,5.2,6.9,3.4,0.9,0.5,1.4,2.4,20.2,AS,Pascal Siakam
2024-25,28,IND,NBA,C,72,72,30.2,5.4,11.3,0.481,2.2,5.5,0.396,3.3,5.8,0.561,0.577,2.6,3.3,0.773,1.3,5.3,6.5,1.5,0.8,2,1.7,2.5,15.6,,Myles Turner
2024-25,22,IND,NBA,SF,72,49,29.8,5.4,11.8,0.458,1.4,4,0.34,4.1,7.8,0.519,0.516,3.8,4.6,0.831,1.2,4.1,5.3,1.9,0.7,0.3,1.9,2.3,16.1,,Bennedict Mathurin
2024-25,25,IND,NBA,SG,65,65,28.9,3.8,8.3,0.458,0.8,2.7,0.291,3,5.6,0.538,0.506,1.7,2.1,0.794,0.5,2.8,3.3,5,1.2,0.2,1.7,2.3,10,NA,Andrew Nembhard
2024-25,25,MIA,NBA,SG,77,77,35.4,8.5,17.9,0.472,3.3,8.7,0.375,5.2,9.2,0.565,0.563,3.7,4.2,0.878,0.5,4.7,5.2,5.5,0.9,0.2,2.6,1.1,23.9,AS,Tyler Herro
2024-25,27,MIA,NBA,C,78,78,34.3,6.9,14.3,0.485,1,2.8,0.357,5.9,11.4,0.517,0.521,3.2,4.2,0.765,2.4,7.2,9.6,4.3,1.3,0.7,2.1,2.1,18.1,DPOY-10,Bam Adebayo
2024-25,26,2TM,NBA,PG,74,37,27.4,3,6.4,0.468,1.1,2.9,0.398,1.9,3.6,0.525,0.557,0.8,1.1,0.69,0.5,1.8,2.3,4.9,1,0.2,1.7,2.5,7.9,NA,Davion Mitchell
2024-25,26,TOR,NBA,PG,44,22,24.5,2.4,5.5,0.434,1,2.7,0.359,1.5,2.9,0.504,0.52,0.6,0.8,0.676,0.4,1.6,1.9,4.6,0.7,0.2,1.8,2.6,6.3,NA,Davion Mitchell
2024-25,26,MIA,NBA,PG,30,15,31.6,3.9,7.7,0.504,1.4,3.1,0.447,2.5,4.6,0.543,0.595,1.1,1.6,0.702,0.6,2.1,2.7,5.3,1.4,0.3,1.7,2.3,10.3,NA,Davion Mitchell
2024-25,30,MIA,NBA,PG,64,23,25.9,3.9,9.9,0.391,1.4,4.8,0.295,2.5,5.1,0.48,0.462,1.4,1.7,0.852,0.7,3,3.7,2.6,0.6,0.2,1.2,1.1,10.6,,Terry Rozier
2024-25,21,MIA,NBA,PF,46,10,25.1,3.7,8.2,0.456,1.7,4.6,0.371,2,3.6,0.563,0.56,1.6,1.9,0.828,0.6,3.3,3.9,2.8,0.8,0.3,1.3,1.8,10.7,NA,Nikola Jović
2024-25,26,ATL,NBA,PG,76,76,36,7.4,18.1,0.411,2.9,8.4,0.34,4.6,9.7,0.474,0.491,6.5,7.4,0.875,0.5,2.6,3.1,11.6,1.2,0.2,4.7,1.9,24.2,"CPOY-4,AS",Trae Young
2024-25,23,ATL,NBA,SF,36,36,35.7,7.5,15.1,0.5,1.2,3.9,0.312,6.3,11.1,0.566,0.541,2.6,3.5,0.746,1.7,8.3,10,5,1.6,1,2.9,1.9,18.9,NA,Jalen Johnson
2024-25,21,ATL,NBA,SG,76,76,33.8,6,12.1,0.493,1.1,3.1,0.34,4.9,9.1,0.545,0.536,1.1,1.8,0.593,1.6,4.3,5.9,4.4,3,0.7,2,2.3,14.1,"DPOY-2,MIP-1,DEF1",Dyson Daniels
2024-25,27,2TM,NBA,SF,64,9,27.2,5.6,11.9,0.47,2.5,6.1,0.405,3.1,5.8,0.537,0.573,3.4,4,0.846,0.7,3.3,4,1.4,0.8,0.2,1.3,2.4,17,6MOY-4,De'Andre Hunter
2024-25,27,ATL,NBA,SF,37,4,28.8,6.1,13.3,0.461,2.6,6.7,0.393,3.5,6.6,0.531,0.56,4.1,4.8,0.858,0.7,3.2,3.9,1.5,0.8,0.1,1.6,2.4,19,,De'Andre Hunter
2024-25,27,CLE,NBA,SF,27,5,25,4.9,10,0.485,2.2,5.2,0.426,2.6,4.8,0.55,0.596,2.4,2.9,0.821,0.6,3.6,4.2,1.3,0.7,0.3,0.9,2.5,14.3,,De'Andre Hunter
2024-25,24,ATL,NBA,C,74,40,27.9,5.2,9.2,0.567,0.6,2,0.324,4.6,7.2,0.634,0.602,2.2,2.9,0.759,3,5.9,8.9,2.3,0.9,0.9,1.2,2.6,13.4,NA,Onyeka Okongwu
2024-25,22,CHO,NBA,SF,27,27,34.2,7.3,18.2,0.403,3.9,10.9,0.355,3.5,7.3,0.475,0.509,2.5,2.9,0.861,0.9,3.9,4.9,3.6,1.1,0.7,2.8,2.7,21,,Brandon Miller
2024-25,23,CHO,NBA,PG,47,47,32,8.6,21.3,0.405,3.8,11.2,0.339,4.8,10.1,0.478,0.494,4.1,4.9,0.843,1,3.9,4.9,7.4,1.1,0.3,3.6,3.3,25.2,,LaMelo Ball
2024-25,26,CHO,NBA,PF,64,64,31.7,7.3,17.0,.431,2.2,7.0,.313,5.1,10.0,.513,.495,3.5,4.0,.870,1.1,6.4,7.5,3.9,0.7,0.7,2.1,1.5,20.3,,Miles Bridges
2024-25,26,CHO,NBA,PF,16,7,29.9,3.4,7.7,0.439,1.7,4.6,0.365,1.7,3.1,0.551,0.549,1.9,2.3,0.838,1.1,4,5.1,2.3,1.1,0.8,1.8,2.9,10.4,NA,Grant Williams
2024-25,24,CHO,NBA,SG,68,67,27.8,2.6,6.2,0.428,1.4,3.6,0.391,1.2,2.5,0.48,0.543,0.7,1.1,0.681,0.8,1.7,2.5,1.6,1.1,0.2,1,2.4,7.4,NA,Josh Green
2024-25,22,ORL,NBA,PF,46,46,34.4,9,19.8,0.452,1.9,5.9,0.32,7.1,13.9,0.509,0.5,6.1,8.4,0.727,1.1,6.4,7.5,4.8,0.8,0.6,3,2.1,25.9,,Paolo Banchero
2024-25,23,ORL,NBA,SF,60,60,33.7,9,19.4,0.463,1.7,5.9,0.295,7.2,13.5,0.535,0.507,4.5,5.2,0.871,0.9,4.8,5.7,4.7,1.3,0.4,2.3,2.5,24.2,,Franz Wagner
2024-25,31,ORL,NBA,SG,77,77,29.6,3.1,7.1,0.439,1.5,4.3,0.342,1.6,2.8,0.589,0.543,1.1,1.2,0.863,0.4,1.8,2.2,1.8,1.3,0.4,0.8,1.8,8.7,,Kentavious Caldwell-Pope
2024-25,23,ORL,NBA,PG,35,35,28.6,5.6,13.7,0.41,2.2,6.9,0.314,3.5,6.8,0.506,0.489,2.8,3.1,0.882,0.7,3.4,4,3.7,1.5,0.9,2.9,2.8,16.2,,Jalen Suggs
2024-25,25,ORL,NBA,C,68,51,25.9,3.3,7.2,0.46,0.5,2.3,0.234,2.8,4.9,0.568,0.498,1.9,2.6,0.737,2.2,5,7.2,2,0.8,0.6,1.1,2.9,9.1,NA,Wendell Carter Jr.
2024-25,20,WAS,NBA,SF,59,59,33,4.5,10.6,0.421,1.1,3.8,0.281,3.4,6.8,0.5,0.472,2.3,3.1,0.746,1.5,3.4,5,3.4,1.3,0.7,2.1,2.4,12.3,NA,Bilal Coulibaly
2024-25,19,WAS,NBA,PG,82,57,30,3.7,9.1,0.401,1.7,5,0.339,2,4.2,0.475,0.493,0.8,1,0.812,0.4,3.8,4.2,4.4,0.7,0.3,1.7,2.3,9.8,NA,Bub Carrington
2024-25,25,WAS,NBA,SG,68,68,29.4,6.7,15.5,0.432,3.5,9.1,0.378,3.3,6.4,0.51,0.544,3.6,4,0.883,0.5,2.5,3,4.5,1.3,0.4,3,3,20.5,NA,Jordan Poole
2024-25,19,WAS,NBA,C,67,67,27.1,4.9,12.4,0.394,1.6,5.1,0.308,3.3,7.3,0.454,0.457,1.7,2.5,0.679,1.9,4.6,6.5,2.4,0.7,1.5,1.7,2.2,13,ROY-4,Alex Sarr
2024-25,20,2TM,NBA,SG,29,11,22,2.8,7.3,0.385,0.8,3.1,0.267,2,4.2,0.472,0.441,1.1,1.3,0.865,0.3,1.8,2,2.6,0.4,0.1,1.2,1.7,7.6,NA,AJ Johnson
2024-25,20,MIL,NBA,SG,7,0,6.3,1.1,2.7,0.421,0.4,0.7,0.6,0.7,2,0.357,0.5,0.1,0.3,0.5,0,1,1,1,0.1,0,0.6,0,2.9,NA,AJ Johnson
2024-25,20,WAS,NBA,SG,22,11,27,3.4,8.8,0.381,1,3.9,0.247,2.4,5,0.486,0.436,1.4,1.6,0.886,0.4,2,2.4,3.1,0.5,0.1,1.4,2.3,9.1,NA,AJ Johnson
